"Intern, Ballpark Operations","San Diego, CA",https://www.linkedin.com/jobs/view/intern-ballpark-operations-at-san-diego-padres-4062254928?position=1&pageNum=0&refId=rKpT5%2B1q71vqYs6fGDkNpg%3D%3D&trackingId=e8vdysEWvwONSi5ATFp%2F7A%3D%3D
"Intern, Information Technology","San Diego, CA",https://www.linkedin.com/jobs/view/intern-information-technology-at-san-diego-padres-4062256571?position=2&pageNum=0&refId=rKpT5%2B1q71vqYs6fGDkNpg%3D%3D&trackingId=votYe77nB%2BJg5KCawJeO4A%3D%3D
Entry-Level Data Analyst (Remote),"Warren, MI",https://www.linkedin.com/jobs/view/entry-level-data-analyst-remote-at-d-aceto-services-llc-4062193880?position=3&pageNum=0&refId=rKpT5%2B1q71vqYs6fGDkNpg%3D%3D&trackingId=shJ1MkbgWwRfq7t6KAQEPA%3D%3D
Junior Python Developer,"New York, United States",https://www.linkedin.com/jobs/view/junior-python-developer-at-synergisticit-4048827338?position=4&pageNum=0&refId=rKpT5%2B1q71vqYs6fGDkNpg%3D%3D&trackingId=Mhrjxvf3cR7zdOsOsu4FRA%3D%3D
Entry-Level Data Analyst (Remote),"Tulsa, OK",https://www.linkedin.com/jobs/view/entry-level-data-analyst-remote-at-d-aceto-services-llc-4062617742?position=5&pageNum=0&refId=rKpT5%2B1q71vqYs6fGDkNpg%3D%3D&trackingId=PMRGiVAq0XMRWrmUPZE9pQ%3D%3D
Python Developer (Computer Vision),United States,https://www.linkedin.com/jobs/view/python-developer-computer-vision-at-accroid-inc-4053147119?position=6&pageNum=0&refId=rKpT5%2B1q71vqYs6fGDkNpg%3D%3D&trackingId=7mqu3TuPAm72OXZepEQtBw%3D%3D
Python Developer,United States,https://www.linkedin.com/jobs/view/python-developer-at-adame-services-llc-4053990116?position=7&pageNum=0&refId=rKpT5%2B1q71vqYs6fGDkNpg%3D%3D&trackingId=yl9EPDfURJVMfKfKxWS4YA%3D%3D
"Software Engineer, AI Insights","San Francisco, CA",https://www.linkedin.com/jobs/view/software-engineer-ai-insights-at-asana-4061865827?position=8&pageNum=0&refId=rKpT5%2B1q71vqYs6fGDkNpg%3D%3D&trackingId=ta%2BL7TAP0U64vKq0vjhWVQ%3D%3D
Entry/Junior Python Programmer,"Queens, NY",https://www.linkedin.com/jobs/view/entry-junior-python-programmer-at-synergisticit-4045411849?position=9&pageNum=0&refId=rKpT5%2B1q71vqYs6fGDkNpg%3D%3D&trackingId=swMhjFkGbaqBAjUEolZvZg%3D%3D
"Intern, Corporate Partnerships","San Diego, CA",https://www.linkedin.com/jobs/view/intern-corporate-partnerships-at-san-diego-padres-4063567604?position=10&pageNum=0&refId=rKpT5%2B1q71vqYs6fGDkNpg%3D%3D&trackingId=eQRIliAEY9Zzyu9QwfKU9Q%3D%3D
Junior Python Developer,"Washington, United States",https://www.linkedin.com/jobs/view/junior-python-developer-at-synergisticit-4058606267?position=11&pageNum=0&refId=rKpT5%2B1q71vqYs6fGDkNpg%3D%3D&trackingId=PQzl1fm%2FEgFsCh%2FqnzQsgw%3D%3D
Junior Python Developer,"New York, NY",https://www.linkedin.com/jobs/view/junior-python-developer-at-synergisticit-4051979183?position=12&pageNum=0&refId=rKpT5%2B1q71vqYs6fGDkNpg%3D%3D&trackingId=2U49ozv8QARtm4sKraPp4w%3D%3D
Software Engineer (New Grad),"San Francisco, CA",https://www.linkedin.com/jobs/view/software-engineer-new-grad-at-forward-4062184444?position=13&pageNum=0&refId=rKpT5%2B1q71vqYs6fGDkNpg%3D%3D&trackingId=W5%2BlwOUn1V9qoHuhenDWzQ%3D%3D
Junior Python Developer,"Ohio, United States",https://www.linkedin.com/jobs/view/junior-python-developer-at-synergisticit-4054295701?position=14&pageNum=0&refId=rKpT5%2B1q71vqYs6fGDkNpg%3D%3D&trackingId=p0nGrEr5KfdE8u4EVcq29A%3D%3D
Junior Python Developer,"Oregon, United States",https://www.linkedin.com/jobs/view/junior-python-developer-at-synergisticit-4061976331?position=15&pageNum=0&refId=rKpT5%2B1q71vqYs6fGDkNpg%3D%3D&trackingId=hnZTQH3B3XwUG7CVoHdZlQ%3D%3D
Python/ GenAI Developer,"Reston, VA",https://www.linkedin.com/jobs/view/python-genai-developer-at-hirerightaway-ai-4043194833?position=16&pageNum=0&refId=rKpT5%2B1q71vqYs6fGDkNpg%3D%3D&trackingId=rNHlk8QdGz5%2F5SVJPwfj1A%3D%3D
Python Developer,"Fremont, CA",https://www.linkedin.com/jobs/view/python-developer-at-first-soft-solutions-llc-4040013217?position=17&pageNum=0&refId=rKpT5%2B1q71vqYs6fGDkNpg%3D%3D&trackingId=fwDiFLEZ6ziuVMKaRF2EhA%3D%3D
Junior Python Developer,"Vancouver, WA",https://www.linkedin.com/jobs/view/junior-python-developer-at-synergisticit-4059566962?position=18&pageNum=0&refId=rKpT5%2B1q71vqYs6fGDkNpg%3D%3D&trackingId=FD9j1s3xlMQ2PrHRfbaCGg%3D%3D
Python Developer,"Jersey City, NJ",https://www.linkedin.com/jobs/view/python-developer-at-teksalt-solutions-4062598122?position=19&pageNum=0&refId=rKpT5%2B1q71vqYs6fGDkNpg%3D%3D&trackingId=HTP3B%2FfwUwmXDBjheblz1g%3D%3D
Junior Python Developer,"Camas, WA",https://www.linkedin.com/jobs/view/junior-python-developer-at-synergisticit-4058622268?position=20&pageNum=0&refId=rKpT5%2B1q71vqYs6fGDkNpg%3D%3D&trackingId=z%2Bk7RKJckahdvB8muqg3bQ%3D%3D
"Analyst, FIG Investment Banking","New York, NY",https://www.linkedin.com/jobs/view/analyst-fig-investment-banking-at-cantor-fitzgerald-4062139717?position=21&pageNum=0&refId=rKpT5%2B1q71vqYs6fGDkNpg%3D%3D&trackingId=KpX%2FELvmCA80cWRE226aXQ%3D%3D
Python Developer,"Jersey City, NJ",https://www.linkedin.com/jobs/view/python-developer-at-teksalt-solutions-4052073532?position=22&pageNum=0&refId=rKpT5%2B1q71vqYs6fGDkNpg%3D%3D&trackingId=gr13Z1oATIE2d4qCR09tBQ%3D%3D
Machine Learning Engineer (Graduate Position),"Boston, MA",https://www.linkedin.com/jobs/view/machine-learning-engineer-graduate-position-at-q-ai-4062512333?position=23&pageNum=0&refId=rKpT5%2B1q71vqYs6fGDkNpg%3D%3D&trackingId=6G%2FQ9ygFwWm6yN8h9eF75g%3D%3D
Junior Python Developer,"Columbus, OH",https://www.linkedin.com/jobs/view/junior-python-developer-at-synergisticit-4054875018?position=24&pageNum=0&refId=rKpT5%2B1q71vqYs6fGDkNpg%3D%3D&trackingId=HCtTjVi%2FMGFv0vUpWEbTNg%3D%3D
Junior Python Developer,"Duluth, GA",https://www.linkedin.com/jobs/view/junior-python-developer-at-synergisticit-4056533282?position=25&pageNum=0&refId=rKpT5%2B1q71vqYs6fGDkNpg%3D%3D&trackingId=h1l9DMH6ibc7QbnSUq5zcg%3D%3D
Software Engineer I,"Chicago, IL",https://www.linkedin.com/jobs/view/software-engineer-i-at-grubhub-4062110090?position=26&pageNum=0&refId=rKpT5%2B1q71vqYs6fGDkNpg%3D%3D&trackingId=Q%2BX2nHMUHeh4I3LVXhSrog%3D%3D
Python Developer,"Jersey City, NJ",https://www.linkedin.com/jobs/view/python-developer-at-princeton-it-services-inc-4044985587?position=27&pageNum=0&refId=rKpT5%2B1q71vqYs6fGDkNpg%3D%3D&trackingId=e9fuKTAfs0MrXu7uuu6tqA%3D%3D
"Data Analyst, Strategy Analytics",Buffalo-Niagara Falls Area,https://www.linkedin.com/jobs/view/data-analyst-strategy-analytics-at-chime-4061873091?position=28&pageNum=0&refId=rKpT5%2B1q71vqYs6fGDkNpg%3D%3D&trackingId=cP%2FIMu4cbngoAEqwJm1TPg%3D%3D
"Python Developer- Data Team- $150,000-$200,000 + bonus!",New York City Metropolitan Area,https://www.linkedin.com/jobs/view/python-developer-data-team-%24150-000-%24200-000-%2B-bonus%21-at-saragossa-4043357617?position=29&pageNum=0&refId=rKpT5%2B1q71vqYs6fGDkNpg%3D%3D&trackingId=gIkZrpKUIJG1SKsXk%2BFOpw%3D%3D
Software Engineer - Python - (PST),"Los Angeles, CA",https://www.linkedin.com/jobs/view/software-engineer-python-pst-at-channel-factory-4061724635?position=30&pageNum=0&refId=rKpT5%2B1q71vqYs6fGDkNpg%3D%3D&trackingId=PbrYs3%2B5CFR6ceWw9jnzTA%3D%3D
Software Engineer (Python),"Columbus, OH",https://www.linkedin.com/jobs/view/software-engineer-python-at-beam-benefits-4049349135?position=31&pageNum=0&refId=rKpT5%2B1q71vqYs6fGDkNpg%3D%3D&trackingId=XXV4ZPz0ZaSA756eNyiPSA%3D%3D
Jr Python Developer,United States,https://www.linkedin.com/jobs/view/jr-python-developer-at-damco-solutions-4058966186?position=32&pageNum=0&refId=rKpT5%2B1q71vqYs6fGDkNpg%3D%3D&trackingId=JEiBVb839PJwHN7U%2BLBeMQ%3D%3D
"Analyst, Industrials Investment Banking","New York, NY",https://www.linkedin.com/jobs/view/analyst-industrials-investment-banking-at-cantor-fitzgerald-4062142228?position=33&pageNum=0&refId=rKpT5%2B1q71vqYs6fGDkNpg%3D%3D&trackingId=mCwHzOqi3%2FvAvcEBI49tyw%3D%3D
Junior Python Developer,"Salem, OR",https://www.linkedin.com/jobs/view/junior-python-developer-at-synergisticit-4062252479?position=34&pageNum=0&refId=rKpT5%2B1q71vqYs6fGDkNpg%3D%3D&trackingId=01whDj9ED0nQPhNtbBmNOA%3D%3D
Python Developer /  Remote,"Austin, TX",https://www.linkedin.com/jobs/view/python-developer-remote-at-exatech-inc-4055850911?position=35&pageNum=0&refId=rKpT5%2B1q71vqYs6fGDkNpg%3D%3D&trackingId=YkV1saXc%2BSKh6KxPefezkw%3D%3D
Python Developer,United States,https://www.linkedin.com/jobs/view/python-developer-at-acs-consultancy-services-inc-4062596520?position=36&pageNum=0&refId=rKpT5%2B1q71vqYs6fGDkNpg%3D%3D&trackingId=AtyTR%2FOPW3NNm4nyclWzRg%3D%3D
Python Developer with GenAI and Python,"Alpharetta, GA",https://www.linkedin.com/jobs/view/python-developer-with-genai-and-python-at-datamtx-llc-4049792111?position=37&pageNum=0&refId=rKpT5%2B1q71vqYs6fGDkNpg%3D%3D&trackingId=wbLupqjt59QJgp00KBLxLg%3D%3D
Remote Python Developer with SQL Expertise,"Los Angeles, CA",https://www.linkedin.com/jobs/view/remote-python-developer-with-sql-expertise-at-get-it-recruit-information-technology-4060619405?position=38&pageNum=0&refId=rKpT5%2B1q71vqYs6fGDkNpg%3D%3D&trackingId=zwrG%2F%2F1hU%2BP9lxUlqttypQ%3D%3D
Python Developer,"Jersey City, NJ",https://www.linkedin.com/jobs/view/python-developer-at-genesis10-4050832418?position=39&pageNum=0&refId=rKpT5%2B1q71vqYs6fGDkNpg%3D%3D&trackingId=7n%2FvLf7hmP%2BlGJ81q%2FumlA%3D%3D
AI Engineer (LLM) (100% remote - US),United States,https://www.linkedin.com/jobs/view/ai-engineer-llm-100%25-remote-us-at-tether-io-4063545886?position=40&pageNum=0&refId=rKpT5%2B1q71vqYs6fGDkNpg%3D%3D&trackingId=jtDwanl5%2F7qGcUXC5lLQBg%3D%3D
Python Developer,"Jersey City, NJ",https://www.linkedin.com/jobs/view/python-developer-at-genesis10-4050828649?position=41&pageNum=0&refId=rKpT5%2B1q71vqYs6fGDkNpg%3D%3D&trackingId=jxHt8j3q0U1jvPNd%2F1JBTg%3D%3D
Python Developer - Part Time,"Oklahoma, United States",https://www.linkedin.com/jobs/view/python-developer-part-time-at-brokkr-labs-llc-4039972990?position=42&pageNum=0&refId=rKpT5%2B1q71vqYs6fGDkNpg%3D%3D&trackingId=qklnPLmbf%2FhUwHWjPC6X2w%3D%3D
Python Developer,"Jersey City, NJ",https://www.linkedin.com/jobs/view/python-developer-at-genesis10-4050831463?position=43&pageNum=0&refId=rKpT5%2B1q71vqYs6fGDkNpg%3D%3D&trackingId=%2FJFhwovAd6Yfk7cW7AEG2A%3D%3D
Associate Data Analyst,"Santa Monica, CA",https://www.linkedin.com/jobs/view/associate-data-analyst-at-the-walt-disney-company-4062262183?position=44&pageNum=0&refId=rKpT5%2B1q71vqYs6fGDkNpg%3D%3D&trackingId=BJS0E4BuLfxXNjHqfWl2fQ%3D%3D
Python Developer,"Richmond, VA",https://www.linkedin.com/jobs/view/python-developer-at-momento-usa-llc-4045027001?position=45&pageNum=0&refId=rKpT5%2B1q71vqYs6fGDkNpg%3D%3D&trackingId=BU%2FvPbMaRlctpmCDojfYlg%3D%3D
Python Developer,"Jersey City, NJ",https://www.linkedin.com/jobs/view/python-developer-at-genesis10-4050830492?position=46&pageNum=0&refId=rKpT5%2B1q71vqYs6fGDkNpg%3D%3D&trackingId=VZ6I25sq4zlho0N8w5%2FkQw%3D%3D
Automation Engineer with Python,"Irving, TX",https://www.linkedin.com/jobs/view/automation-engineer-with-python-at-hatchpros-4052078837?position=47&pageNum=0&refId=rKpT5%2B1q71vqYs6fGDkNpg%3D%3D&trackingId=V4AKVaxWpTYhHnG51IjuMw%3D%3D
Python Developer,"Charlotte, NC",https://www.linkedin.com/jobs/view/python-developer-at-ltimindtree-4059681347?position=48&pageNum=0&refId=rKpT5%2B1q71vqYs6fGDkNpg%3D%3D&trackingId=5pARyHkIDSJseTGMZLZrzQ%3D%3D
Python Developer,"Jersey City, NJ",https://www.linkedin.com/jobs/view/python-developer-at-genesis10-4050297505?position=49&pageNum=0&refId=rKpT5%2B1q71vqYs6fGDkNpg%3D%3D&trackingId=pEsBIiPXB%2BvgZnUT2rfejw%3D%3D
Python Developer,"Jersey City, NJ",https://www.linkedin.com/jobs/view/python-developer-at-genesis10-4050830522?position=50&pageNum=0&refId=rKpT5%2B1q71vqYs6fGDkNpg%3D%3D&trackingId=4dtD%2BHdJjEDPm4rfb%2BAQ2A%3D%3D
Python/R Developer,"Austin, TX",https://www.linkedin.com/jobs/view/python-r-developer-at-synergisticit-4048269966?position=51&pageNum=0&refId=rKpT5%2B1q71vqYs6fGDkNpg%3D%3D&trackingId=37vDG%2BFmS%2FwONt1bpOZbBA%3D%3D
Python Developer,"Jersey City, NJ",https://www.linkedin.com/jobs/view/python-developer-at-genesis10-4050826989?position=52&pageNum=0&refId=rKpT5%2B1q71vqYs6fGDkNpg%3D%3D&trackingId=E0sZgB8ZZBn1%2BxQ2qCWpGA%3D%3D
Senior Python Developer,"Foster City, CA",https://www.linkedin.com/jobs/view/senior-python-developer-at-a-society-us-4051097181?position=53&pageNum=0&refId=rKpT5%2B1q71vqYs6fGDkNpg%3D%3D&trackingId=ENQBX0xpw9PRro7tfNFUtA%3D%3D
Python Developer,"Plano, TX",https://www.linkedin.com/jobs/view/python-developer-at-kasmo-4063563844?position=54&pageNum=0&refId=rKpT5%2B1q71vqYs6fGDkNpg%3D%3D&trackingId=rcr3EhrFtEg5QbHYN1qTTQ%3D%3D
Sr. Python AI/ML Engineer,"Morris Plains, NJ",https://www.linkedin.com/jobs/view/sr-python-ai-ml-engineer-at-veracity-software-inc-4054406268?position=55&pageNum=0&refId=rKpT5%2B1q71vqYs6fGDkNpg%3D%3D&trackingId=hXFOM5L1suK9forVUyOzvw%3D%3D
Python Developer,"Plano, TX",https://www.linkedin.com/jobs/view/python-developer-at-kasmo-4063567262?position=56&pageNum=0&refId=rKpT5%2B1q71vqYs6fGDkNpg%3D%3D&trackingId=2cEDst6EFZrmwaQmx%2Bhwwg%3D%3D
Python Developer,"Plano, TX",https://www.linkedin.com/jobs/view/python-developer-at-kasmo-4063565766?position=57&pageNum=0&refId=rKpT5%2B1q71vqYs6fGDkNpg%3D%3D&trackingId=cgK0MQQSjTF%2Ft%2FlSWMhd2g%3D%3D
Python Developer,"Richmond, VA",https://www.linkedin.com/jobs/view/python-developer-at-marshall-technologies-inc-4030423550?position=58&pageNum=0&refId=rKpT5%2B1q71vqYs6fGDkNpg%3D%3D&trackingId=hf9La6u8XcZ7w4kj13G8yg%3D%3D
Junior Python Django Developer,"Londonderry, NH",https://www.linkedin.com/jobs/view/junior-python-django-developer-at-hiremefast-llc-4055615754?position=59&pageNum=0&refId=rKpT5%2B1q71vqYs6fGDkNpg%3D%3D&trackingId=BBGI5z5wjICiyy5E%2BhnzNQ%3D%3D
